{
  "train_accuracy": 0.5088446090797966,
  "valid_accuracy": 0.2595722076046448,
  "test_accuracy": 0.4028322164622582,
  "train_logloss": 1.587206923820769,
  "valid_logloss": 1.9871556785008866,
  "test_logloss": 1.7688393295012184,
  "train_valid_acc_gap": 0.24927240147515178,
  "valid_test_acc_gap": -0.14326000885761342
}