{
  "train_accuracy": 0.40381092860035595,
  "valid_accuracy": 0.3130753077299778,
  "test_accuracy": 0.3704893159691491,
  "train_logloss": 1.7006213180660714,
  "valid_logloss": 1.8911277299749671,
  "test_logloss": 1.7663946998364313,
  "train_valid_acc_gap": 0.09073562087037812,
  "valid_test_acc_gap": -0.057414008239171255
}