round,n_features,best_iteration,valid_mlogloss
0,89,11,2.0061594844329487
1,86,10,2.0065065627880587
2,83,11,2.005545203225008
3,80,10,2.006311628505229
4,77,11,2.0059828787780107
