round,n_features,best_iteration,valid_mlogloss
0,89,41,1.9755236267660596
1,86,42,1.9790693243040531
2,83,39,1.9766172599570446
