round,n_features,best_iteration,valid_mlogloss
0,49,105,1.891127730103767
1,46,109,1.8921898897685288
2,43,107,1.8944554152131434
