round,n_features,best_iteration,valid_mlogloss
0,89,39,1.987155678603143
1,86,36,1.9907695460172485
2,83,35,1.9879090829496726
